insert into "Tower"("Name", "Lat", "Lon")
values ('1-1', 59.776707, 30.325502);
insert into "Tower"("Name", "Lat", "Lon")
values ('1-2', 59.772284, 30.331982);
insert into "Tower"("Name", "Lat", "Lon")
values ('1-3', 59.768870, 30.331939);
insert into "Tower"("Name", "Lat", "Lon")
values ('1-4', 59.756011, 30.321983);
insert into "Tower"("Name", "Lat", "Lon")
values ('1/2-5', 59.744726, 30.310095);
insert into "Tower"("Name", "Lat", "Lon")
values ('1-6', 59.734064, 30.298894);
insert into "Tower"("Name", "Lat", "Lon")
values ('1-7', 59.718249, 30.282286);
insert into "Tower"("Name", "Lat", "Lon")
values ('1-8', 59.702513, 30.266107);
insert into "Tower"("Name", "Lat", "Lon")
values ('1-9', 59.682957, 30.245722);
insert into "Tower"("Name", "Lat", "Lon")
values ('1-10', 59.666012, 30.229457);

insert into "Tower"("Name", "Lat", "Lon")
values ('2-1', 59.758681, 30.269930);
insert into "Tower"("Name", "Lat", "Lon")
values ('2-3', 59.738855, 30.326149);
insert into "Tower"("Name", "Lat", "Lon")
values ('2-4', 59.728127, 30.356147);
insert into "Tower"("Name", "Lat", "Lon")
values ('2-5', 59.720424, 30.366232);
insert into "Tower"("Name", "Lat", "Lon")
values ('2-6', 59.712452, 30.378146);

insert into "PowerLine"("Name")
values ('1');
insert into "PowerLine"("Name")
values ('2');

insert into "PowerLineTower"("PowerLineID", "TowerID")
values (1, 1);
insert into "PowerLineTower"("PowerLineID", "TowerID")
values (1, 2);
insert into "PowerLineTower"("PowerLineID", "TowerID")
values (1, 3);
insert into "PowerLineTower"("PowerLineID", "TowerID")
values (1, 4);
insert into "PowerLineTower"("PowerLineID", "TowerID")
values (1, 5);
insert into "PowerLineTower"("PowerLineID", "TowerID")
values (1, 6);
insert into "PowerLineTower"("PowerLineID", "TowerID")
values (1, 7);
insert into "PowerLineTower"("PowerLineID", "TowerID")
values (1, 8);
insert into "PowerLineTower"("PowerLineID", "TowerID")
values (1, 9);
insert into "PowerLineTower"("PowerLineID", "TowerID")
values (1, 10);

insert into "PowerLineTower"("PowerLineID", "TowerID")
values (2, 11);
insert into "PowerLineTower"("PowerLineID", "TowerID")
values (2, 5);
insert into "PowerLineTower"("PowerLineID", "TowerID")
values (2, 12);
insert into "PowerLineTower"("PowerLineID", "TowerID")
values (2, 13);
insert into "PowerLineTower"("PowerLineID", "TowerID")
values (2, 14);
insert into "PowerLineTower"("PowerLineID", "TowerID")
values (2, 15);
